Language,App name,Short description,Full description
en-US,Glosso: Pronunciation Coach,"AI pronunciation coach - fix your accent and speak clearly, 100% offline.","Speak clearly and be understood the first time. Glosso is your personal AI pronunciation coach that runs entirely on your phone - no internet, no account, no ads.

Stop being asked to repeat yourself. Whether you're learning English, improving your accent for work, or adapting to life in a new country, Glosso gives you the feedback you need to speak with confidence.

WHY GLOSSO
• Instant, word-by-word pronunciation feedback
• See the exact sounds you're mispronouncing (IPA)
• 100% offline and private - your audio never leaves your phone
• 6 CEFR levels (A1 to C2) with hundreds of real-world sentences
• Native reference voices, spaced repetition, streaks and mastery scores
• Practice English (UK & US), French, Spanish, German and Latin

★ INSTANT PRONUNCIATION FEEDBACK
Speak into the app and get visual, word-by-word feedback on your accuracy. See exactly which sounds you mispronounce and fix your accent in real time.

★ LEARN THE SOUNDS (IPA)
Toggle phonetic transcription (IPA) to see the exact pronunciation of every word. Understand the sounds instead of mimicking them - the fastest route to a natural accent.

★ 100% PRIVATE & OFFLINE
Practice anywhere: on a plane, on the subway, at home. Glosso processes your voice entirely on-device. No internet, no account, no tracking, no ads. Your audio never leaves your phone.

★ STRUCTURED COURSES - 6 LEVELS
Follow a clear path from beginner to advanced, from everyday phrases to complex professional speech. Hundreds of sentences across topics that matter.

★ REAL-WORLD TOPICS
Daily life, job interviews, business, law, economics, travel, shopping and more - practice the language you'll actually use.

★ NATIVE REFERENCE VOICES
Listen to high-quality native voices to pick up natural rhythm, intonation and word stress.

★ SPACED REPETITION
Difficult sentences come back automatically until you master them. Turn pronunciation mistakes into strengths.

★ MASTERY SCORE & STREAKS
Track your progress and keep your daily practice streak alive. Consistency is the secret to a clear accent in any language.

★ MULTIPLE LANGUAGES
Practice English (UK and US), French, Spanish, German and Latin. Switch between languages anytime - each has its own curriculum, native reference voices and phonetic feedback. Latin is included as an experimental bonus.

PERFECT FOR
• Language learners preparing for speaking exams (IELTS, TOEFL, PTE, DELF, DALF, TCF)
• Business professionals and public speakers
• Immigrants and expats adapting to a new country
• Teachers and tutors of pronunciation, phonetics or accent training
• Anyone who wants to speak a foreign language clearly and be understood the first time

Download Glosso and start speaking with the confidence and clarity you've always wanted. Learn pronunciation the smart way - offline, private, and powered by AI."
es-ES,Glosso: Pronunciación IA,"Entrenador de pronunciación con IA: habla claro, 100 % sin conexión.","Habla con claridad y que te entiendan a la primera. Glosso es tu entrenador personal de pronunciación con IA que funciona por completo en tu teléfono: sin internet, sin cuenta y sin anuncios.

Deja de tener que repetir las cosas. Tanto si estás aprendiendo inglés como si quieres mejorar tu acento por trabajo o adaptarte a un país nuevo, Glosso te da la corrección que necesitas para hablar con confianza.

POR QUÉ GLOSSO
• Corrección de pronunciación al instante, palabra por palabra
• Descubre los sonidos exactos que pronuncias mal (AFI)
• 100 % sin conexión y privado: tu audio nunca sale del teléfono
• 6 niveles (A1 a C2) con cientos de frases reales
• Voces nativas de referencia, repetición espaciada, rachas y puntuación de dominio
• Practica inglés (Reino Unido y EE. UU.), francés, español, alemán y latín

★ CORRECCIÓN INSTANTÁNEA
Habla en la app y recibe feedback visual palabra por palabra sobre tu precisión. Descubre exactamente qué sonidos pronuncias mal y corrige tu acento en tiempo real.

★ APRENDE LOS SONIDOS (AFI)
Activa la transcripción fonética (AFI) para ver la pronunciación exacta de cada palabra. Entiende los sonidos en lugar de imitarlos: la vía más rápida hacia un acento natural.

★ 100 % PRIVADO Y SIN CONEXIÓN
Practica donde quieras: en el avión, en el metro o en casa. Glosso procesa tu voz por completo en el dispositivo. Sin internet, sin cuenta, sin rastreo y sin anuncios. Tu audio nunca sale de tu teléfono.

★ CURSOS ESTRUCTURADOS: 6 NIVELES
Sigue un camino claro de principiante a avanzado, desde frases cotidianas hasta discursos profesionales complejos. Cientos de frases sobre temas que importan.

★ TEMAS DEL MUNDO REAL
Vida diaria, entrevistas de trabajo, negocios, derecho, economía, viajes, compras y mucho más: practica el idioma que de verdad vas a usar.

★ VOCES NATIVAS DE REFERENCIA
Escucha voces nativas de alta calidad para aprender el ritmo, la entonación y el acento natural.

★ REPETICIÓN ESPACIADA
Las frases difíciles vuelven automáticamente hasta que las dominas. Convierte tus errores de pronunciación en fortalezas.

★ PUNTUACIÓN DE DOMINIO Y RACHAS
Sigue tu progreso y mantén viva tu racha de práctica diaria. La constancia es el secreto de un acento claro en cualquier idioma.

★ VARIOS IDIOMAS
Practica inglés (Reino Unido y EE. UU.), francés, español, alemán y latín. Cambia de idioma cuando quieras: cada uno tiene su propio plan de estudios, voces nativas de referencia y corrección fonética. El latín se incluye como extra experimental.

PERFECTO PARA
• Estudiantes que preparan exámenes orales (IELTS, TOEFL, PTE, DELF, DALF, TCF)
• Profesionales y ponentes
• Inmigrantes y expatriados que se adaptan a un país nuevo
• Profesores de pronunciación, fonética o acento
• Cualquiera que quiera hablar un idioma con claridad y que le entiendan a la primera

Descarga Glosso y empieza a hablar con la confianza y la claridad que siempre has querido. Aprende pronunciación de forma inteligente: sin conexión, privada e impulsada por IA."
fr-FR,Glosso : Prononciation IA,"Coach de prononciation IA : parlez clair, 100 % hors ligne.","Parlez clairement et soyez compris du premier coup. Glosso est votre coach personnel de prononciation par IA, qui fonctionne entièrement sur votre téléphone : sans internet, sans compte, sans publicité.

Ne vous faites plus répéter. Que vous appreniez l'anglais, amélioriez votre accent pour le travail ou vous adaptiez à un nouveau pays, Glosso vous donne la correction dont vous avez besoin pour parler avec confiance.

POURQUOI GLOSSO
• Correction de prononciation instantanée, mot par mot
• Voyez les sons exacts que vous prononcez mal (API)
• 100 % hors ligne et privé : votre audio ne quitte jamais le téléphone
• 6 niveaux (A1 à C2) avec des centaines de phrases réelles
• Voix natives de référence, répétition espacée, séries et score de maîtrise
• Entraînez-vous en anglais (Royaume-Uni et États-Unis), français, espagnol, allemand et latin

★ CORRECTION INSTANTANÉE
Parlez dans l'appli et recevez une correction visuelle, mot par mot, sur votre précision. Voyez exactement quels sons vous prononcez mal et corrigez votre accent en temps réel.

★ APPRENEZ LES SONS (API)
Activez la transcription phonétique (API) pour voir la prononciation exacte de chaque mot. Comprenez les sons au lieu de les imiter : la voie la plus rapide vers un accent naturel.

★ 100 % PRIVÉ ET HORS LIGNE
Entraînez-vous partout : dans l'avion, le métro ou chez vous. Glosso traite votre voix entièrement sur l'appareil. Sans internet, sans compte, sans suivi, sans publicité. Votre audio ne quitte jamais votre téléphone.

★ PARCOURS STRUCTURÉS : 6 NIVEAUX
Suivez un parcours clair, du débutant à l'avancé, des phrases du quotidien aux discours professionnels complexes. Des centaines de phrases sur des thèmes qui comptent.

★ THÈMES DU QUOTIDIEN
Vie quotidienne, entretiens d'embauche, affaires, droit, économie, voyages, achats et plus encore : entraînez-vous sur la langue que vous utiliserez vraiment.

★ VOIX NATIVES DE RÉFÉRENCE
Écoutez des voix natives de haute qualité pour acquérir le rythme, l'intonation et l'accent tonique.

★ RÉPÉTITION ESPACÉE
Les phrases difficiles reviennent automatiquement jusqu'à ce que vous les maîtrisiez. Transformez vos erreurs de prononciation en points forts.

★ SCORE DE MAÎTRISE ET SÉRIES
Suivez votre progression et gardez votre série d'entraînement quotidien. La régularité est le secret d'un accent clair, quelle que soit la langue.

★ PLUSIEURS LANGUES
Entraînez-vous en anglais (Royaume-Uni et États-Unis), français, espagnol, allemand et latin. Changez de langue à tout moment : chacune a son propre programme, ses voix natives de référence et sa correction phonétique. Le latin est inclus comme bonus expérimental.

PARFAIT POUR
• Les apprenants qui préparent des examens oraux (IELTS, TOEFL, PTE, DELF, DALF, TCF)
• Les professionnels et les orateurs
• Les immigrants et expatriés qui s'adaptent à un nouveau pays
• Les professeurs de prononciation, de phonétique ou d'accent
• Tous ceux qui veulent parler une langue étrangère clairement et être compris du premier coup

Téléchargez Glosso et parlez avec l'assurance et la clarté que vous avez toujours voulues. Apprenez la prononciation intelligemment : hors ligne, en privé et propulsé par l'IA."
de-DE,Glosso: Aussprache-Coach,"KI-Aussprachecoach: sprich klar, 100 % offline, ohne Werbung.","Sprich klar und werde beim ersten Mal verstanden. Glosso ist dein persönlicher KI-Aussprachecoach, der komplett auf deinem Smartphone läuft: kein Internet, kein Konto, keine Werbung.

Schluss damit, ständig nachfragen zu müssen. Ob du Englisch lernst, deinen Akzent für den Beruf verbesserst oder dich in einem neuen Land einlebst: Glosso gibt dir das Feedback, das du brauchst, um selbstbewusst zu sprechen.

WARUM GLOSSO
• Sofortiges Aussprache-Feedback, Wort für Wort
• Sieh die genauen Laute, die du falsch aussprichst (IPA)
• 100 % offline und privat: Dein Audio verlässt das Smartphone nie
• 6 Niveaus (A1 bis C2) mit Hunderten realer Sätze
• Native Referenzstimmen, verteilte Wiederholung, Serien und Meistergrad
• Übe Englisch (Großbritannien und USA), Französisch, Spanisch, Deutsch und Latein

★ SOFORTIGES FEEDBACK
Sprich in die App und erhalte visuelles Feedback Wort für Wort zu deiner Genauigkeit. Sieh genau, welche Laute du falsch aussprichst, und verbessere deinen Akzent in Echtzeit.

★ DIE LAUTE LERNEN (IPA)
Aktiviere die phonetische Umschrift (IPA), um die genaue Aussprache jedes Wortes zu sehen. Verstehe die Laute, statt sie nur nachzuahmen - der schnellste Weg zu einem natürlichen Akzent.

★ 100 % PRIVAT & OFFLINE
Übe überall: im Flugzeug, in der U-Bahn oder zu Hause. Glosso verarbeitet deine Stimme vollständig auf dem Gerät. Kein Internet, kein Konto, kein Tracking, keine Werbung. Dein Audio verlässt dein Smartphone nie.

★ STRUKTURIERTE KURSE - 6 STUFEN
Folge einem klaren Weg vom Anfänger bis zum Fortgeschrittenen, von Alltagssätzen bis zu komplexer professioneller Sprache. Hunderte Sätze zu Themen, die zählen.

★ THEMEN AUS DER PRAXIS
Alltag, Bewerbungsgespräche, Business, Recht, Wirtschaft, Reisen, Einkaufen und mehr: Übe die Sprache, die du wirklich brauchst.

★ NATIVE REFERENZSTIMMEN
Höre hochwertige Muttersprachler-Stimmen, um Rhythmus, Intonation und Wortbetonung zu lernen.

★ VERTEILTE WIEDERHOLUNG
Schwierige Sätze kommen automatisch zurück, bis du sie beherrschst. Mach Aussprachefehler zu deinen Stärken.

★ MEISTERGRAD UND SERIEN
Verfolge deinen Fortschritt und halte deine tägliche Übungsserie am Leben. Beständigkeit ist das Geheimnis eines klaren Akzents in jeder Sprache.

★ MEHRERE SPRACHEN
Übe Englisch (Großbritannien und USA), Französisch, Spanisch, Deutsch und Latein. Wechsle jederzeit die Sprache - jede hat ihren eigenen Lehrplan, native Referenzstimmen und phonetisches Feedback. Latein ist als experimentelles Extra enthalten.

PERFEKT FÜR
• Lernende, die sich auf mündliche Prüfungen vorbereiten (IELTS, TOEFL, PTE, DELF, DALF, TCF)
• Berufstätige und Redner
• Einwanderer und Expats, die sich in einem neuen Land zurechtfinden
• Lehrkräfte für Aussprache, Phonetik oder Akzenttraining
• Alle, die eine Fremdsprache klar sprechen und beim ersten Mal verstanden werden möchten

Lade Glosso herunter und sprich mit dem Selbstvertrauen und der Klarheit, die du dir immer gewünscht hast. Lerne Aussprache auf intelligente Weise - offline, privat und KI-gestützt."
